biome,S_CO2,S_CH4,site_1_data.S_N2O,site_1_data.F_CO2,site_1_data.F_CH4,site_1_data.F_N2O,site_1_data.D_CO2,site_1_data.D_CH4,site_1_data.D_N2O,site_1_data.swRFV
tropical_pasture,176.417704909316,0.179724175178138,0.188631363681144,61.3887011597475,-73.5058459868423,-36.2896904480578,0,0,0,2185.35280813211
